{
  "module_names": [
    {
      "branches": 0,
      "branches_missing": 0,
      "branches_partial": 0,
      "coverage": 100,
      "lines": [],
      "lines_not_covered": [],
      "module": "",
      "sum_lines": 0,
      "sum_lines_not_covered": 0
    },
    {
      "branches": 0,
      "branches_missing": 0,
      "branches_partial": 0,
      "coverage": 90.0,
      "lines": [
        3,
        5,
        6,
        7,
        9,
        10,
        12,
        14,
        15,
        16
      ],
      "lines_not_covered": [
        16
      ],
      "module": "uc3m_consulting.enterprise_management_exception",
      "sum_lines": 10,
      "sum_lines_not_covered": 1
    },
    {
      "branches": 2,
      "branches_missing": 0,
      "branches_partial": 0,
      "coverage": 84.21052631578948,
      "lines": [
        2,
        3,
        4,
        8,
        11,
        12,
        14,
        15,
        17,
        19,
        20,
        23,
        24,
        25,
        26,
        27,
        28,
        29,
        31
      ],
      "lines_not_covered": [
        12,
        17,
        31
      ],
      "module": "uc3m_consulting.enterprise_manager",
      "sum_lines": 19,
      "sum_lines_not_covered": 3
    },
    {
      "branches": 0,
      "branches_missing": 0,
      "branches_partial": 0,
      "coverage": 59.32203389830509,
      "lines": [
        2,
        3,
        4,
        6,
        8,
        15,
        16,
        17,
        18,
        19,
        20,
        21,
        22,
        24,
        25,
        27,
        29,
        39,
        40,
        42,
        44,
        45,
        46,
        48,
        49,
        51,
        53,
        54,
        55,
        57,
        58,
        60,
        61,
        62,
        63,
        65,
        66,
        68,
        69,
        70,
        71,
        73,
        74,
        76,
        77,
        78,
        79,
        81,
        82,
        84,
        85,
        86,
        87,
        89,
        90,
        92,
        94,
        95,
        97
      ],
      "lines_not_covered": [
        15,
        16,
        17,
        18,
        19,
        20,
        21,
        22,
        25,
        29,
        42,
        46,
        51,
        55,
        60,
        63,
        68,
        71,
        76,
        79,
        84,
        87,
        92,
        97
      ],
      "module": "uc3m_consulting.enterprise_project",
      "sum_lines": 59,
      "sum_lines_not_covered": 24
    },
    {
      "branches": 0,
      "branches_missing": 0,
      "branches_partial": 0,
      "coverage": 57.142857142857146,
      "lines": [
        2,
        3,
        6,
        9,
        10,
        11,
        12,
        13,
        14,
        15,
        17,
        19,
        26,
        28,
        33,
        34,
        36,
        38,
        39,
        40,
        42,
        43,
        45,
        47,
        48,
        49,
        51,
        52,
        54,
        56,
        57,
        58,
        60,
        61,
        63
      ],
      "lines_not_covered": [
        10,
        11,
        12,
        13,
        14,
        15,
        19,
        28,
        36,
        40,
        45,
        49,
        54,
        58,
        63
      ],
      "module": "uc3m_consulting.project_document",
      "sum_lines": 35,
      "sum_lines_not_covered": 15
    },
    {
      "branches": 0,
      "branches_missing": 0,
      "branches_partial": 0,
      "coverage": 100.0,
      "lines": [
        3,
        4,
        5,
        6
      ],
      "lines_not_covered": [],
      "module": "uc3m_consulting",
      "sum_lines": 4,
      "sum_lines_not_covered": 0
    }
  ],
  "overall_branch_coverage": 100.0,
  "overall_branch_partial_coverage": 100.0,
  "overall_coverage": 66.14173228346456
}